user_id,registration_date,country,age,subscription_type
0b0d3e1a-1648-46cd-8e33-99b4a75c4155,2025-07-25,CH,39,Gratuit
d226a4fb-f708-443a-b14c-400773bd4ef4,2022-12-23,CH,19,Gratuit
359db11d-5eb6-495f-8b0f-6c9e9c6748fb,2025-03-09,CH,33,Gratuit
f291dff3-59ae-429d-b8c8-1dce2c6e6b46,2023-08-21,LU,40,Gratuit
cc6adccd-fd71-4606-9c2d-e1cb4ff8edd0,2023-09-21,LU,17,Gratuit
fc380e10-1ec1-4dc9-bb87-7662977b1cca,2023-05-06,LU,17,Gratuit
81d4af1a-45fa-4004-af02-1b0ecd444865,2023-04-11,CH,18,Gratuit
32ec6110-0f96-43da-834e-697685296bbe,2024-12-09,CH,24,Gratuit
655e7701-7fb6-43fa-b5fc-8daa0d2b2e20,2025-09-05,FR,30,Gratuit
ec9281e4-5e4f-461c-9d70-31fd4025c8ae,2025-10-04,LU,18,Gratuit
2e97e234-326b-4bed-977c-ed4e18d0ca2f,2024-07-12,LU,19,Gratuit
b7795452-4b84-4d35-93ce-02214983ab16,2023-11-10,LU,28,Gratuit
8097c73a-0faf-4f67-8ac5-351fca77987c,2024-02-04,LU,30,Gratuit
5efd4492-53f8-484b-ba39-8bf4c715bd05,2025-02-16,FR,23,Gratuit
a2e9fbb3-1d68-4664-8ab6-6fb4cd46a23f,2024-03-24,FR,19,Gratuit
536e98e0-96d7-4a34-8ae5-1744bae362dc,2024-04-23,CH,29,Gratuit
8f3d750a-4374-4699-9d72-cd59a4bf9ffa,2025-10-22,CH,21,Gratuit
9a3a80b2-d229-4e49-8f47-32775cf3f273,2024-06-29,CH,30,Gratuit
a79b598e-8e29-4c56-8b28-09dda6eef28f,2025-10-01,CH,22,Gratuit
585849ed-e951-48b1-b4a9-2fa0bd59c652,2023-12-23,LU,20,Gratuit
7c43f23f-155c-4a80-833c-715bfcf96a6c,2023-02-20,FR,23,Gratuit
630260fc-8647-417b-9409-916f7a36fa1c,2023-06-06,CH,21,Gratuit
6c2dcb13-9405-4036-b8f0-899135fe4962,2023-03-15,FR,25,Gratuit
84af42a5-9e8f-4a2e-b267-cd0ffc9330b3,2023-01-09,BE,35,Gratuit
7bdced87-0c60-41ee-8f48-d1d243a51f90,2023-02-28,CH,32,Gratuit
0934d02a-50df-413c-b75f-96c56e802007,2024-08-11,BE,20,Gratuit
df4ea4c7-57fb-421e-a192-11fb0648e497,2022-12-20,LU,31,Gratuit
b45e3d8e-b750-4390-bd7d-9bc38b8faf00,2024-09-13,CH,42,Gratuit
850f8a37-97de-40ed-bc6b-12d715fda238,2025-08-06,FR,19,Gratuit
35237b7d-0d32-4aa7-a9f2-05fe151d7df9,2023-05-25,FR,22,Gratuit
38daf11f-5f18-45c7-8c83-6d44bd9c184b,2025-08-11,LU,25,Gratuit
d7bc8730-552d-475c-a626-cf58f099c40f,2024-07-15,FR,21,Gratuit
70a3ab0f-aa76-42e9-a9df-43389b07b446,2024-12-30,BE,25,Gratuit
30c45240-7971-49b5-9d5f-a7f1c4d0d33d,2023-02-14,CH,43,Gratuit
b5a6884d-3c56-4304-9718-9169af9f85de,2023-12-26,LU,22,Gratuit
77cb374a-1a9c-4d5c-92fa-1351b8d747ab,2023-08-13,CH,22,Gratuit
f9e3b03c-0344-4a01-8538-735f77f6bc3f,2024-02-11,FR,17,Gratuit
3169613f-df24-40c9-af6d-c773b7a082ab,2023-12-06,FR,27,Gratuit
2d4d4599-0eba-4cb1-b2fd-dabb11739589,2024-07-03,LU,22,Gratuit
1d531ecc-fe15-427a-bd2b-c40205050e5e,2024-12-15,FR,24,Gratuit
47289dcb-7f48-475f-b132-a794758625d1,2025-01-14,LU,22,Gratuit
da24b05b-83ee-45f3-8afc-a7d737da707b,2023-10-31,BE,30,Gratuit
312ae63a-ee26-42aa-932f-8917de32e144,2024-10-31,FR,31,Gratuit
a54e06da-cebe-4900-be20-9ad7271db6c9,2023-04-22,LU,20,Gratuit
77c60c70-c322-4873-b74b-3db089803115,2025-05-26,FR,35,Gratuit
fd1d4c24-1fc4-4d2b-b0b4-8a8042aed3ef,2024-05-03,FR,30,Gratuit
fdc8374e-a13d-40f1-9b83-774793f8e7a5,2025-02-10,LU,20,Gratuit
76cef418-3a51-4b5d-ba05-552dce8b6691,2024-12-26,FR,24,Gratuit
19a8d238-3b1f-4fc8-8b4d-bf2cff5c35f9,2025-05-19,CH,21,Gratuit
e1c4d69b-6806-43ec-a048-2f35dbf97780,2025-05-03,FR,18,Gratuit
cd0fc300-0659-49bf-9096-b02e31a7871e,2025-11-06,CH,21,Gratuit
fea68eb2-16c2-4817-82ad-941283a142dc,2025-06-25,CH,17,Gratuit
70d2a49f-6d89-4f7f-972a-f3cc407e18c3,2025-04-01,CH,21,Gratuit
e35764fe-991d-40ac-a80e-dae51501eee9,2025-08-03,FR,24,Gratuit
68205298-5c79-43cf-92a3-0c6adad773eb,2023-01-18,CH,35,Gratuit
0dabf26e-5623-423e-8411-6e4d12b3eb81,2023-03-24,CH,19,Gratuit
a3057a23-a7d7-4117-a96b-a048f300f557,2025-03-26,LU,23,Gratuit
c69c0f4e-5373-4981-a95c-6a62a6ab2e94,2023-12-26,FR,28,Gratuit
bd4ca0dd-f792-4c8a-81ab-2ea16a70965e,2025-03-09,BE,26,Gratuit
148c9f74-8200-46b2-839a-5a5ac7c8a89a,2025-06-11,BE,25,Gratuit
bb4d4324-2233-4c0a-9e6a-af7c05d7e32a,2023-04-11,FR,29,Gratuit
f61c7ca6-5c0e-40ee-a11d-277b2e8e8612,2023-02-27,CH,34,Gratuit
b87f4efd-8d3f-4b6c-b3ae-af82537e1fab,2025-04-03,LU,28,Gratuit
4a2c3df6-c07a-4013-975d-b4d176cd6933,2023-09-04,CH,20,Gratuit
731254a0-55da-48d3-a006-9c429d3993fc,2024-03-16,BE,17,Gratuit
739830b7-e610-49f0-a167-7a481e55fa19,2024-04-11,LU,24,Gratuit
e86029f8-8d6d-47d8-a334-8c2e0ae637d3,2022-12-07,BE,20,Gratuit
4001b1b4-54c6-4532-bf2b-7bae94c9acab,2023-01-28,FR,17,Gratuit
70bc5645-7e0d-45a8-a69b-0186e305e1c4,2024-05-19,CH,22,Gratuit
58f50a03-90c2-438b-b127-554052e60c45,2024-04-14,FR,24,Gratuit
e440431a-b016-4e33-bc92-f60da491f0ec,2024-03-18,FR,28,Gratuit
ad30c6b1-30b9-4522-9482-00fd5d91dc0b,2024-01-04,FR,23,Gratuit
f254e387-86a0-4c4b-8eef-1d4220880e4a,2025-03-15,CH,20,Gratuit
b9504126-ff23-4e00-bfa5-dc38ef82233b,2025-10-20,BE,26,Gratuit
d072f831-c786-4198-82c4-8b25bf728c88,2025-10-12,FR,22,Gratuit
e00055ee-1f4c-4b5a-8b08-c5a9ef505570,2025-02-02,BE,27,Gratuit
5940a24b-5fc6-45f5-8df0-389506dd8aa3,2024-04-23,LU,37,Gratuit
9aaf2c2c-1b30-4c23-9569-adc5e99f247c,2023-12-26,FR,24,Gratuit
11b18aee-46e0-4c5f-b0c4-70738278145e,2023-07-31,BE,17,Gratuit
3e2dadd8-0eea-4b30-8b9b-5b3fa36c24ab,2025-08-20,LU,18,Gratuit
0babf582-aa8c-4be0-a788-6de72277ccef,2023-03-03,BE,24,Gratuit
6212fb68-c51f-4374-9302-c29c85be5ed9,2025-02-28,FR,26,Gratuit
99561b6c-bf53-411c-a945-e3750879b912,2024-07-13,FR,22,Gratuit
4148481f-cdae-4d08-bc34-94388e79e33e,2024-05-01,LU,34,Gratuit
e80c5918-b3e3-48c9-8183-c3bb84195c2c,2024-03-20,LU,26,Gratuit
e311c312-1d61-4cbc-a284-d545a7590e44,2024-04-23,CH,26,Gratuit
23910697-d020-4cd9-87ef-541de83e1815,2025-02-04,BE,18,Gratuit
1771f011-9e31-45b1-b47f-329ef92f6a29,2025-01-19,LU,19,Gratuit
ab909396-a479-4627-8411-b5764e72ebf0,2025-01-08,LU,25,Gratuit
8a29509f-5c76-40bf-8e18-0b7d4cf15ac8,2025-08-18,FR,27,Gratuit
4a419b63-33ca-4b30-b675-10d160241341,2025-01-17,FR,21,Gratuit
ec10d7e9-5943-4494-8c3a-47576a88e873,2025-04-19,BE,26,Gratuit
d42cc57a-919e-4ad2-a733-efa74df04d96,2024-03-05,BE,23,Gratuit
0e0a36ea-651e-4322-ad33-3dddbfb949fc,2023-07-09,BE,27,Gratuit
2caea596-370f-4765-8a56-9af9ad8944da,2023-10-03,BE,26,Gratuit
88ac2534-8456-42b9-95d6-e4c4f26022ad,2025-07-02,FR,35,Gratuit
91bc84b7-a2f4-4b7e-b445-3c4a8a6f7fcb,2023-07-22,CH,29,Gratuit
bb4b8105-1408-439c-a9a8-c6ce96d11aa7,2025-07-06,CH,31,Gratuit
d1c2dc36-46d3-454d-a0ca-f30743fb4425,2024-07-17,LU,23,Gratuit
85f9d233-2039-4dcd-abd7-b2956087a1e9,2023-11-13,LU,35,Gratuit
4755c815-0751-47ce-b9d0-e17f1ae7db19,2023-03-01,CH,24,Gratuit
5b4c0d65-da02-4bf1-8cd2-40df14e71cdb,2025-07-15,CH,24,Gratuit
8bb93302-cfc9-446e-868e-6a09cafa8ef5,2025-01-16,LU,30,Gratuit
52ef237c-c796-4cc0-a088-be9e87602642,2025-04-06,BE,22,Gratuit
2020ec22-ce9d-4e14-8781-187eafb7c6ad,2024-02-01,CH,22,Gratuit
651378f6-353a-46f5-855d-4e2ed373ca51,2025-03-16,CH,24,Gratuit
26fcba7a-a93c-4fea-9fd6-9f639162722e,2025-10-14,CH,35,Gratuit
6115e954-ade1-4989-97e8-e67c1eb36f03,2024-10-26,LU,21,Gratuit
ba2adb30-84f6-4d86-b9c1-8752d5ecd886,2025-07-17,LU,50,Gratuit
46e8461f-2ad4-4821-81bd-ea707fbcd5f4,2024-06-24,FR,18,Gratuit
ad397070-f05a-44b2-9f5d-7b7c1d89c366,2023-06-30,FR,24,Gratuit
697a2133-5a49-42e5-b899-0b56bf1dc726,2023-02-27,CH,35,Gratuit
aeb7edb4-7379-463f-bf47-21127406205c,2025-07-14,FR,34,Gratuit
8f82c986-f140-49d9-9820-d1d2bcccd7d5,2023-06-17,LU,27,Gratuit
af1b3b87-c340-49a5-a116-faa9b86c74de,2023-06-09,CH,26,Gratuit
7708568f-cad2-412e-967a-82c3e41c71fe,2025-09-16,CH,18,Gratuit
dc57a5b4-f4e8-4f80-9c03-656f488d5181,2023-01-20,CH,25,Gratuit
4b6788fd-8e32-427e-91f1-bf63ab5d8f03,2024-09-16,FR,17,Gratuit
41f79800-70e3-483d-b11b-0c6ae728d376,2025-04-16,BE,17,Gratuit
fccdcf97-b42f-495c-b355-b5e12ba744ad,2025-04-11,BE,33,Gratuit
4a26648d-ecc2-4619-b9cf-207b3a6bf75e,2023-02-04,BE,22,Gratuit
8cbb6a0e-4749-4ac6-89dd-80d74bf70b6a,2024-01-09,FR,20,Gratuit
8bb2533b-5b0c-4da5-a289-8675e3e1091c,2023-03-13,LU,36,Gratuit
7d0e8c80-a669-4a19-9ca4-31b4a07329f8,2023-09-28,LU,18,Gratuit
f74c76f8-4c0b-4da4-afe8-d33563bae44d,2025-01-19,LU,33,Gratuit
6782bc1e-98ab-456b-af83-c02ef1f98b52,2024-10-29,LU,27,Gratuit
55ca8db2-ce1d-4f39-8f76-4877ea0238e1,2023-10-07,CH,25,Gratuit
162c3e58-f9e1-482b-9490-de4ce677ebc7,2023-09-11,BE,29,Gratuit
38bf18dd-9964-4b17-8876-52ded0f1975f,2025-04-06,FR,45,Gratuit
19501566-01ea-443e-8e05-5b345ea102a7,2024-08-02,FR,47,Gratuit
638b6282-953a-4a19-9a45-d700db74ca01,2023-06-07,FR,29,Gratuit
09b0e0f2-386d-437a-aece-13f07bd06308,2025-01-31,LU,22,Gratuit
ce321cde-3302-45e3-bf4b-5811237f5adf,2024-08-21,LU,44,Gratuit
356efb2a-5131-4062-bed7-083d33ddd80b,2022-12-31,LU,21,Gratuit
be865346-0ddc-4ad2-8118-bf6ffe976800,2023-10-01,BE,42,Gratuit
448b3466-d860-4856-840e-487fbf140826,2024-02-01,LU,14,Gratuit
16e70ca5-5574-43a8-83d4-2bf4036826c8,2024-09-02,FR,28,Gratuit
5fe08f5b-9da7-4031-a047-0aa371623546,2023-02-08,LU,17,Gratuit
be5f20e7-ab2c-41ee-8b0f-2a8b7f23625b,2024-08-06,BE,33,Gratuit
3c5e7e83-05d3-49bb-ae2d-9caebb3a2f84,2024-04-29,BE,26,Gratuit
60194010-4fb2-4e98-be81-faf4ae62028f,2022-11-19,FR,18,Gratuit
1a5e639d-1892-492b-b907-35ddf5279369,2024-10-28,FR,43,Gratuit
075a1cf2-0e0f-45d8-ada8-1708faccaad0,2024-10-04,CH,30,Gratuit
0225e53a-15e5-4fb4-83ca-63e0313e9a86,2025-08-14,CH,21,Gratuit
e968c868-e279-43d6-8dce-34301ff2d6a0,2022-12-07,BE,26,Gratuit
21baa01e-0a5b-42bb-a769-03f69e80989a,2025-09-29,BE,24,Gratuit
7cffb573-27fb-43c5-bca6-3e17693e08c8,2024-02-20,CH,30,Gratuit
26793a7e-0d97-4738-a373-8e9f0d3d306e,2024-07-17,LU,44,Gratuit
3a20bbde-8b71-4372-85e7-b7c05d100e74,2023-10-04,FR,25,Gratuit
9df2958f-69bf-4ade-b44a-742ccc26f6e8,2023-03-30,LU,22,Gratuit
a6fedb86-a2f4-4445-a38e-eb50183bc3c4,2024-01-25,BE,24,Gratuit
fb264b52-7c50-4ea5-a193-0cc129befbc4,2023-03-07,CH,23,Gratuit
73f0825f-514a-41be-b8d5-86b0a2fff9e5,2022-12-15,BE,23,Gratuit
87323fcc-9fff-40f3-8f8a-84c9ffc6a4ef,2025-04-19,BE,38,Gratuit
b920e8d4-f190-4dcc-9087-885601b7be76,2024-04-25,CH,50,Gratuit
69f629b3-f1c9-4d14-9f6b-7cd0220c5df7,2025-03-04,CH,24,Gratuit
1e81acf8-683a-4fe6-9538-eb23f55ed92e,2025-06-04,BE,28,Gratuit
4a6e42b0-67ec-41b5-8e9e-19144da421ed,2023-04-24,CH,27,Gratuit
d35f60fb-d390-4699-987b-003756ed49fb,2023-10-17,BE,23,Gratuit
2abba260-512c-4bcf-9d30-6e7e10e263fc,2024-09-29,BE,17,Gratuit
9e9f6ded-d346-47a5-991c-ee0e4cb2bfe1,2024-08-06,CH,36,Gratuit
dc1eee35-ac48-498d-abbf-9376a8baa258,2023-11-13,LU,37,Gratuit
88d2bc7c-666f-4f08-846e-67fa2cb5f893,2023-11-05,CH,37,Gratuit
6c42450c-085a-42d2-8aec-a09e9761a5f7,2025-10-03,CH,24,Gratuit
e20281bc-05ea-44a2-8c66-18721e772ae0,2022-12-23,BE,24,Gratuit
3481b1af-c880-42d8-b69a-e866d4a0a552,2023-10-29,LU,21,Gratuit
0e61c6aa-4dbe-42c8-9c95-cfc7cf1b25f9,2025-05-22,CH,22,Gratuit
06ff8ce9-86fa-4675-b90f-5353cd59b6be,2024-03-26,BE,19,Gratuit
e30e2951-3e38-4dd2-81af-521f94f2b73e,2024-10-18,FR,19,Gratuit
84bbf104-6383-4565-a953-18a4c7225e83,2025-08-20,CH,20,Gratuit
a59eebe5-6e8c-457e-88ef-761002740243,2024-03-01,BE,30,Gratuit
072bd153-b01c-410f-afe9-37c62f49075c,2023-01-01,FR,19,Gratuit
e68d44cb-8883-4eac-a45c-fa9bdcad2ed0,2023-07-09,FR,27,Gratuit
b5d3a4f1-0ad8-45c8-bf59-2e80cf1d03c1,2023-07-12,CH,29,Gratuit
9438325b-c1f5-4b01-85f8-c54cade6039a,2022-11-19,BE,25,Gratuit
cae5cfd5-01f8-4731-868b-8a24819b84a2,2023-05-10,CH,16,Gratuit
1328d21a-3ac5-4dcc-a563-bbc49b4b2b67,2024-05-13,BE,20,Gratuit
a8311608-5bb4-4e0d-bf5b-1723b212333d,2023-03-18,LU,36,Gratuit
d3a5f1eb-b771-4e4b-89ad-b8caeace3d38,2023-02-05,CH,21,Gratuit
634fb529-ef58-4cab-b9ed-6d3229d014b4,2024-12-25,CH,25,Gratuit
b1ae60c0-3256-40f7-b26c-4a54e14ed052,2025-11-06,FR,29,Gratuit
dab7de4d-4af3-40c5-8d3b-6dbb48517c47,2024-08-22,BE,21,Gratuit
54fd625c-f068-4c3b-b2f9-0f82878406ce,2023-03-09,FR,28,Gratuit
1916d113-a934-4394-8e73-03ace9344d56,2024-01-28,FR,19,Gratuit
233a5716-babe-4ac9-8455-ac12001f7591,2023-11-07,CH,23,Gratuit
837d7751-12c2-40e2-af0c-b5f1e2dee8ee,2023-12-01,FR,17,Gratuit
5361215c-fb8a-47be-84a7-c4876a911043,2023-03-18,BE,21,Gratuit
5a54940d-76be-4371-9327-7bac19802c96,2023-04-05,LU,22,Gratuit
3027094c-772c-483c-8696-8278ce5f272e,2023-01-26,FR,39,Gratuit
e7deafbd-12d3-4ed0-8653-6846907d4100,2025-04-26,BE,22,Gratuit
244888c6-47b9-43d8-92d9-5c8bdbb1c40c,2024-05-31,LU,19,Gratuit
160e53a0-5c6e-4420-a5fd-ad835402299e,2025-03-07,LU,21,Gratuit
a28ba369-d3c0-47c0-9281-6c6824844037,2023-11-09,LU,34,Gratuit
34e80a05-4922-4af8-a049-29a42476bd63,2023-01-12,CH,20,Gratuit
116864af-9c0b-4068-8eaf-b3518f39f9ff,2023-10-12,FR,20,Gratuit
d844373f-fb3a-4c08-bbbf-96cdf889ce0f,2023-11-20,LU,24,Gratuit
a63ffecb-e6a4-4e65-bb6c-28feedf35381,2023-11-01,LU,18,Gratuit
6f824d8f-d92b-4b30-ad8a-0dcd89fbffd1,2023-12-15,BE,29,Gratuit
6cd66356-55ce-4690-967c-6a85f7d21f7d,2023-01-24,BE,24,Gratuit
508a785e-9e9a-4f34-9287-c56640079e52,2025-11-01,FR,20,Gratuit
7a55f088-4064-43d6-81fa-554489121cf7,2025-02-09,FR,21,Gratuit
1289dada-2acc-4667-b0dd-e9554cbea3c1,2023-10-13,BE,29,Gratuit
fd159857-3f49-429c-ab7a-0c97eab50302,2025-09-15,LU,20,Gratuit
338da547-02ee-4bb4-99d0-0fd5acfa1e59,2023-06-14,BE,26,Gratuit
62d4d355-1d7f-44c1-ab2c-63e027e7524a,2024-12-15,CH,29,Gratuit
e3a1313e-3c52-4ac7-8ab7-ec39bf8e5fbf,2025-02-28,FR,23,Gratuit
2c70d6fc-9911-4152-891c-4d5f416b464a,2023-10-08,LU,29,Gratuit
30350ce8-cb8f-4395-bef7-5b122cc61e51,2024-09-09,FR,30,Gratuit
166af54d-af3f-4f98-814b-dc808cbce323,2025-09-29,BE,20,Gratuit
507ad93f-3cb2-40f6-b072-9e58b7e9ea5a,2023-03-21,CH,19,Gratuit
8406a5c2-31e5-4382-8f1c-3d617ebb8e7d,2025-05-03,FR,29,Gratuit
c8475646-9f77-4edd-bfe8-ccc71405da77,2023-02-06,FR,20,Gratuit
e0136efb-430d-4888-aa13-40b071f535a1,2025-09-07,FR,31,Gratuit
0e733b1f-1908-49bb-8c15-d1d43eb2f8f1,2023-12-15,CH,23,Gratuit
58349b51-56d5-495c-992d-83dd3116a97e,2023-01-29,LU,21,Gratuit
3221d61b-c940-4af0-bb21-ad7c7a9ba2f6,2025-03-13,CH,22,Gratuit
705d8f2b-f82a-464f-bf30-dccecab817ea,2025-01-30,LU,21,Gratuit
974ad638-2391-4ede-b363-791b6a855fa3,2023-07-19,LU,24,Gratuit
4f4106ac-253b-4ee3-a871-4db5977afd0a,2023-07-02,LU,29,Gratuit
f7f36979-a578-4a25-b71a-3ceb934f6983,2023-03-07,BE,22,Gratuit
9c3d62ea-9c3e-4515-ab37-122c91104875,2025-02-18,LU,30,Gratuit
987810f4-0b50-48d1-a528-182fce2cf3fb,2023-01-22,FR,30,Gratuit
cb482f77-d49a-45ec-8a0f-8bbe01d134c6,2022-12-14,FR,32,Gratuit
d4dbd01b-8247-4e6e-9045-487d48897a60,2023-04-18,FR,17,Gratuit
f3230ca3-bc9a-4edc-8645-155709b1af06,2023-11-30,CH,20,Gratuit
08b32fdb-966a-4a25-a341-6de55aae20f6,2025-05-12,FR,25,Gratuit
5f7eb540-2a77-42ce-9c4c-608ce3bec3ea,2023-11-26,FR,36,Gratuit
4dd8f1f6-721d-4b62-a3d9-edb0b5953741,2025-03-08,BE,24,Gratuit
4e6a64ed-609f-4d8c-a625-3bea61cacc02,2024-07-07,FR,34,Gratuit
4901f140-91e3-4f41-8e69-a8aeeb9c0d52,2024-04-07,LU,17,Gratuit
dc0ce78f-3419-499d-a228-50aaed78462e,2023-10-31,LU,24,Gratuit
b2f9695d-956f-4cdc-ae2f-98454bc78c7b,2023-10-10,FR,33,Gratuit
cf44dafd-30c5-4f82-9117-19ba6518bd6c,2023-11-16,BE,35,Gratuit
f9000a50-67a1-4e05-83a1-d806a53b05d6,2023-07-27,FR,29,Gratuit
e968525c-3ff8-4731-8f81-28c91e2971a1,2024-05-06,CH,21,Gratuit
675d1f10-0e2b-4e25-bf2d-e73193245960,2024-01-04,BE,35,Gratuit
3ffe0b9f-08d8-4d75-9b1b-7746bdc56d7c,2024-02-16,CH,44,Gratuit
f9ebb497-636e-45cb-963b-ac78495dd818,2024-04-29,BE,30,Gratuit
14eaf25b-3d85-4b07-a161-87853f233adb,2025-03-28,CH,18,Gratuit
cec0239c-21bb-4ce2-8bfe-7419cb8342f6,2024-10-28,CH,23,Gratuit
b5ded81d-5e84-4d0a-b72c-77ce215c8846,2023-01-18,LU,38,Gratuit
4c2e78ae-fa30-483c-b4e9-04c8b54b3f45,2023-06-11,LU,19,Gratuit
eeb0e638-8f96-44e9-9946-6beb9a616498,2025-04-28,CH,34,Gratuit
9ed13cf3-b229-42c9-86ce-6f3c998ba383,2023-10-09,CH,23,Gratuit
6e3d7fba-f8af-44a9-83fa-273e4ce03e9f,2022-11-17,CH,15,Gratuit
bd78c918-bc5b-460e-ba51-b1a21ef92127,2023-12-21,FR,35,Gratuit
271a514a-0b6e-4fe7-91f5-1f3ae3fcb2e9,2022-12-30,CH,24,Gratuit
e55d2d86-bdab-42ce-94d6-05b9161485cd,2025-07-14,FR,20,Gratuit
a4a151f8-5453-41c9-a8bb-fc6569443d7c,2025-05-12,CH,21,Gratuit
273de9a6-e7f8-44e5-9691-27aea00cdf0e,2024-12-24,CH,18,Gratuit
d997a316-7676-4380-a08e-49cf476f95e4,2025-05-08,FR,23,Gratuit
5aba4c9c-6082-423e-b024-1b1a75001213,2025-08-28,CH,34,Gratuit
6e146372-b53d-41f2-a6f7-29e8b7bb6e1b,2025-10-07,LU,24,Gratuit
7942d32c-2158-4042-8385-5a832ddc6465,2024-09-29,LU,36,Gratuit
2f5a121a-bdf9-4412-9c56-1ecce973c4be,2024-08-07,FR,51,Gratuit
9de88d0b-78a9-472c-9930-10f8bcccbe82,2024-06-15,FR,27,Gratuit
e0aba43a-28b5-4ee6-aa0e-673527a3aa42,2023-05-20,FR,19,Gratuit
fcfa5fd9-4488-4a49-981c-aef56c2aac76,2023-05-31,LU,40,Gratuit
2083fa53-404c-4113-a710-a1e880dfe548,2024-07-09,LU,28,Gratuit
44e7aa1e-5563-4fda-8d3e-29570624d39a,2025-07-09,LU,19,Gratuit
a8600afc-75ae-4a6f-a40e-d944703262db,2024-06-27,BE,28,Gratuit
c3d0cddf-ca49-4d72-a77a-e59019da988e,2023-10-04,LU,17,Gratuit
a8d63117-67e5-4b4e-b392-0975050180e9,2025-03-28,FR,24,Gratuit
82606549-de0d-4a5d-b3a8-5bdb15230dc6,2023-01-09,LU,19,Gratuit
c78c6ba7-f7bb-40fd-995e-fce119223621,2025-02-17,CH,18,Gratuit
52b0c0c1-bd8f-4387-a9e4-c5430fe24713,2025-10-28,BE,21,Gratuit
3b1389e7-b607-46f5-8ed2-0852ec20e671,2025-10-04,FR,15,Gratuit
fb5ab4cb-1475-485a-a015-b829b1de17b3,2025-03-08,LU,26,Gratuit
53db3a8d-bf29-4a6f-b6f5-1b69211da20d,2024-04-24,BE,25,Gratuit
ca105541-8624-4cf2-a314-e115288bc82c,2024-10-11,BE,33,Gratuit
a80d6572-5efb-41c6-9ddb-50250e78fb81,2025-10-06,CH,29,Gratuit
a94ca965-aaa2-4112-a00f-66e034462882,2024-05-31,FR,19,Gratuit
5df19744-efc6-424e-8e20-6c71c3a29b95,2023-03-08,CH,20,Gratuit
590fa08c-ebf1-4d70-92b9-8a46f2e14294,2023-03-04,BE,15,Gratuit
f2775d97-048f-46ca-8923-5c2a33e5eca6,2025-05-16,BE,37,Gratuit
b0b18480-bde6-4c99-8cb6-8ecadfee85d7,2025-05-18,BE,25,Gratuit
7368bc71-c6d9-4bd5-a900-7f0820d29bb1,2023-03-26,BE,17,Gratuit
db6d08e2-df65-4aa1-b98c-9c390eb5a24b,2024-03-30,BE,26,Gratuit
a53c0d75-e687-4d14-8bff-76ee28b767d3,2025-03-30,LU,19,Gratuit
ee518f76-7aea-44be-bab4-d357f53b57df,2025-06-14,FR,33,Gratuit
512189b9-a137-469e-9cf3-f8f67c33836c,2023-12-08,BE,17,Gratuit
7d278914-a63e-48ff-8835-420b497b5f7b,2023-07-15,FR,40,Gratuit
ecc4be29-3f95-44cb-bfc1-2b11483303c9,2024-12-04,CH,19,Gratuit
9591ccd2-7ca4-4ecd-af1a-905f4c43a472,2023-10-29,LU,29,Gratuit
a2da0453-b2b1-4044-a84c-510a5a0cf789,2023-09-16,FR,20,Gratuit
c83b17f7-ba3f-47a8-95e2-79520493f993,2023-05-02,FR,25,Gratuit
e9c9070e-45ef-47b6-93d5-38044ce31cc7,2024-07-14,FR,22,Gratuit
fe4ea491-4b86-4402-a5fb-4cbca0a71f88,2024-06-28,LU,23,Gratuit
988ee4d4-f8f1-4363-b380-bc1725fe4cf6,2024-07-01,FR,19,Gratuit
bd94732d-0538-4671-a5fd-aa30c2d2c7f9,2023-01-04,FR,23,Gratuit
76a4e749-c796-47ae-a8c6-f0e3eb6173d0,2022-12-01,BE,49,Gratuit
54f43175-833b-44e8-aa52-0b6c2552348c,2025-06-22,LU,51,Gratuit
f825687b-74ac-499c-a4eb-c68475466be2,2024-11-15,FR,26,Gratuit
dda8074b-f4e6-4345-ae40-797cd82c6702,2025-03-25,CH,32,Gratuit
910de64b-afa0-43ab-b019-0cdd3010f67f,2023-07-03,BE,29,Gratuit
43e9a03e-0a81-4b26-b1a1-57897e3c9544,2024-10-10,CH,26,Gratuit
08b31bdd-b128-4675-b5d8-f4bb43390031,2023-09-25,LU,28,Gratuit
29931c52-91a3-456e-9cfe-affaadf78c58,2023-04-25,BE,23,Gratuit
dfab981a-4f28-4f5b-b21a-5b3b7f280ab9,2025-09-05,CH,24,Gratuit
b7dc9736-aa6e-4570-9d28-7c0dc4d0cc8b,2024-06-17,FR,18,Gratuit
a8222de6-3a67-4862-aa87-24b6c7a8b62a,2024-03-13,BE,32,Gratuit
f43a1e2d-80ea-4ed9-ac68-b18b6f6615b6,2024-05-08,BE,22,Gratuit
6fc29c41-8005-4e49-9b04-0a3c66a61c7c,2023-04-25,LU,19,Gratuit
d8f0ee7c-d40d-4448-bc5a-4ca55a4a1cf9,2025-04-07,BE,21,Gratuit
65c50f97-230e-4242-9acf-af0367463898,2024-04-14,BE,19,Gratuit
6055261a-49b5-4d1e-9828-6c9a25035b69,2023-02-23,LU,24,Gratuit
f48624f0-3eee-46cb-ae3a-92f78955f80f,2023-04-22,BE,29,Gratuit
d89c6ade-c044-48f6-b30f-f9b19d656310,2023-07-15,CH,29,Gratuit
6b20d001-20a4-4fcf-a0fd-9a2946e43fd6,2023-06-25,LU,24,Gratuit
fab59da5-efc6-40c6-a013-addad17fc6d4,2022-12-22,CH,40,Gratuit
31680742-84bd-461d-abc2-f98e96651f31,2023-01-13,CH,24,Gratuit
2c4945fb-a794-4731-a399-c106a8048c2a,2025-07-10,CH,24,Gratuit
ce85823a-7127-4392-be50-6d48a5963d95,2025-01-01,CH,22,Gratuit
9ee0bec6-5e36-449d-8554-e56e2ff720bc,2023-12-27,FR,18,Gratuit
2c6b9297-c588-4018-8937-91a9ad268a80,2025-03-02,LU,24,Gratuit
1b1d29da-bfeb-4371-aef4-4c7dd1752c03,2023-02-07,CH,37,Gratuit
023fd8e5-68e0-4410-8168-22a29a977be0,2023-04-01,BE,20,Gratuit
685fc4e2-3fe4-45bc-aba4-625880544f07,2023-07-07,FR,29,Gratuit
2f3c80c2-a451-4c68-af9e-541784552980,2024-11-25,CH,27,Gratuit
5e7a2300-e69c-4239-95e8-5c77dabcba53,2025-09-02,LU,22,Gratuit
e71877c5-e834-4796-ad33-afbde5016f24,2024-08-28,LU,23,Gratuit
ed730265-7509-4232-bf64-4793ba2d1341,2023-11-25,LU,17,Gratuit
bf7b74b3-7bc1-4bbb-8e73-bbd6f48cf18c,2024-05-11,LU,25,Gratuit
60f04dda-a124-4605-9342-7240822b9786,2025-03-05,BE,21,Gratuit
4ca35e1a-e518-486d-926b-bf283cc7fe2f,2024-06-21,FR,28,Gratuit
555d7f77-bf7e-41d5-b300-518c627e8a44,2023-12-22,FR,22,Gratuit
3c2ed6c0-ec6f-4a8d-94bb-66c6b6d1080d,2025-04-26,LU,41,Gratuit
00c7dce0-1551-41b3-b76b-c846d5ad296f,2024-01-27,BE,28,Gratuit
7df24892-89f3-4b64-afeb-a1f735afd4d4,2024-08-26,FR,17,Gratuit
a374bfa4-b2da-44f0-8e0e-91ae13126c87,2023-05-20,LU,39,Gratuit
a703ada9-d24a-434e-bc2f-947fb4e19e58,2024-05-04,BE,18,Gratuit
71b21912-34d8-4059-be17-d7bba58eda3c,2023-05-20,FR,24,Gratuit
a300c1f2-2c3c-4264-ba6b-2142341300cb,2024-08-15,BE,23,Gratuit
ba237817-be7f-448f-84ea-fcaf3e49c4f1,2023-03-01,FR,21,Gratuit
7937bd11-fcd5-4c49-94b7-32440f625136,2023-10-14,FR,18,Gratuit
99aac8c5-d833-4618-a5e8-d0a05335c1e0,2023-03-09,FR,30,Gratuit
494fccca-8fcf-47f9-9e33-7bfcd664f3a3,2024-02-19,BE,25,Gratuit
6310633c-d8bd-4381-aad2-ea209d263bef,2024-04-23,LU,40,Gratuit
e1cc3260-3862-43f3-b590-77b09f02e1c2,2025-09-24,LU,19,Gratuit
65c2ebf8-abab-43d2-8c8e-076939d42da2,2025-07-31,BE,20,Gratuit
0f3a3929-a9aa-421b-aa88-2ffd8492bc4c,2025-02-09,BE,26,Gratuit
f67ac36b-9973-421e-ac6a-4f416442d707,2023-08-03,FR,30,Gratuit
3351c207-ed39-40f3-b82f-353b4990b1e8,2024-09-16,FR,25,Gratuit
81237e33-73f3-4781-bbcf-898665f61773,2025-06-03,LU,20,Gratuit
df7ad88d-b877-4a45-9e3c-032402acf77a,2023-08-22,LU,22,Gratuit
b471bdb4-8c27-4fb8-ad4a-b8d308252efa,2025-08-10,CH,19,Gratuit
7ab20f04-21a1-45d8-ac64-4b0fc2f16eda,2024-12-13,BE,26,Gratuit
c2b9245c-e02c-4b0f-9b7c-4eb3380e7b8e,2025-05-06,FR,30,Gratuit
500751c6-941f-456a-9dbe-9e81d0585eb5,2024-06-15,CH,24,Gratuit
b833b952-ecd7-4bd9-871a-6c594bb27546,2023-07-18,FR,17,Gratuit
307fd455-af80-49ae-9bb7-969d2fb50c46,2023-04-24,BE,26,Gratuit
5a89bb61-906e-4a43-8589-23a1b531055f,2023-03-19,CH,27,Gratuit
5979e7fb-2d00-49b4-9ebe-fd767f567674,2024-02-15,CH,17,Gratuit
036fd587-717f-4dd2-8f28-b7197d239127,2023-01-21,CH,35,Gratuit
be79acec-5315-430e-a4d5-60edff04290c,2025-06-12,BE,45,Gratuit
143a2e3a-bb22-45b1-95fc-3e67a95c3633,2024-12-21,FR,41,Gratuit
38b4c5ab-fccc-422e-84bd-07e675f5496f,2024-09-24,FR,19,Gratuit
d47218ab-7258-404e-991c-bc36fc9a5489,2023-09-26,BE,45,Gratuit
f9427755-81a1-4f16-a8e5-793996df4577,2023-11-20,CH,29,Gratuit
a7f187b4-8a2f-4d70-9b34-daea0c236b86,2025-03-23,BE,31,Gratuit
2dbb5ba2-d34e-4798-9299-de65337d5681,2022-12-31,FR,18,Gratuit
b45511d2-5e1c-4be3-a0e8-e592b87ddf2f,2025-09-20,CH,33,Gratuit
c6712d56-ad7e-434f-9d06-0f790453b9e0,2025-07-22,CH,17,Gratuit
c48becde-f5aa-4792-9f86-a3e5e999c7e1,2024-11-10,CH,19,Gratuit
12af09a2-97d3-481a-afc7-8e8d94e39341,2023-07-19,FR,40,Gratuit
f8440fc9-9a20-4ff3-9a7f-d5cc4774a15c,2024-02-07,LU,42,Gratuit
7873de14-39bc-4c16-bfd7-16e6110a6c13,2024-03-16,LU,30,Gratuit
db7c266a-1f69-433d-8c2c-77b376ca374f,2023-06-27,BE,32,Gratuit
df48df97-349d-485c-992a-16f5da1ab3b5,2025-06-29,CH,17,Gratuit
67523b38-6f0f-41ff-8580-a9be18f770fd,2023-01-20,FR,33,Gratuit
6a1e9cdc-7095-44ff-b6ac-46a7c0162fb2,2025-11-06,LU,24,Gratuit
7e6ee928-31f1-4808-9353-0c6b7b105a6c,2024-12-04,CH,26,Gratuit
57165b5a-ff68-41cb-8a81-3a3e6ed0b068,2024-06-09,FR,17,Gratuit
3dae4e18-ac3c-464d-8044-46b952c78bff,2025-08-06,CH,19,Gratuit
78373f41-7901-4435-858b-80afe6e13860,2024-12-02,CH,23,Gratuit
4ebab95d-fbfa-4cc0-bc2c-c158ae0b455a,2025-09-15,FR,20,Gratuit
2c0a292e-4b9f-42a6-a46e-7ca1ec330ae5,2025-07-18,CH,22,Gratuit
1dd47f65-da74-48b9-85de-ab9b6e17a24b,2023-04-16,LU,36,Gratuit
3ae19f88-0240-41f4-b542-07e85b6619ac,2025-10-13,CH,33,Gratuit
1b6943e1-9fce-4aa5-8be2-a656a900db22,2023-04-04,LU,28,Gratuit
8fdd19e4-0064-4eee-a057-d5641b31ad26,2024-07-05,CH,18,Gratuit
cd2512fb-3270-4009-a75a-cd4fff48bc24,2025-05-11,CH,30,Gratuit
3164730e-68bb-4611-9456-108c15620fa8,2024-05-09,FR,26,Gratuit
bf5dcb28-f750-46f3-b0f9-aff3be7ffdd0,2025-04-07,FR,18,Gratuit
aa1717ce-fd8c-4108-a039-6f9dbbd23e18,2023-07-13,LU,23,Gratuit
8f0ef68f-7405-40a2-b0ab-ef98445dacb1,2025-05-13,LU,13,Gratuit
3ae71578-cbde-49ec-b01e-32a07cb5917f,2025-06-25,BE,17,Gratuit
5c4017a4-7665-4f72-80a7-a40086ccd27d,2025-05-01,LU,32,Gratuit
a25f949e-fdd1-493a-8990-a7b6e3fe24a4,2023-12-22,LU,27,Gratuit
a90c1544-4c6b-42a0-9b7f-db30b75b0b30,2023-03-29,CH,21,Gratuit
4d5ba40f-6a9c-4b19-9453-de1c39027610,2023-11-21,LU,22,Gratuit
c7ff22d6-e684-49f3-9234-d72f17d556d7,2024-07-23,FR,27,Gratuit
2b2b0e96-7e5a-4a1f-8a7f-1c994f156f49,2025-05-19,FR,25,Gratuit
b4d17462-7b14-433c-b2e9-1c9e3fb64c6e,2024-02-13,BE,17,Gratuit
bcb0b91b-5546-4775-9604-00c4e734e8be,2024-07-18,FR,22,Gratuit
bda6108e-15a5-44e1-80b4-ca613698fabd,2024-01-17,FR,20,Gratuit
a65790a0-8f53-4362-a4fc-845fdfec8d34,2025-01-03,FR,20,Gratuit
8c663077-f914-45cf-aeeb-1225151dff44,2024-10-25,BE,29,Gratuit
42b83a17-804f-4212-a774-9cc5b894f84c,2025-03-27,FR,29,Gratuit
c458fa5a-2ce4-41c4-819e-312186e66b43,2023-09-25,CH,25,Gratuit
16121a72-7a04-4416-9844-83611ff5de31,2023-03-20,BE,43,Gratuit
c430b49b-dcb8-4f16-982a-bf6590cebb3b,2023-07-16,CH,17,Gratuit
80304952-db43-444c-8477-7a04fa67b412,2024-03-20,LU,30,Gratuit
2a653dec-ecff-478a-aca8-371e27fdaff5,2023-06-07,FR,18,Gratuit
daee9ba6-eff3-4f08-8920-862f52190178,2025-01-12,FR,18,Gratuit
34416ea2-93b3-4467-b364-314f0418a340,2024-03-04,LU,17,Gratuit
5adf28cb-dc5c-47f0-8bd2-775334fb73e1,2022-12-31,LU,39,Gratuit
4c1c37cd-4c5a-43a0-b3fd-d5bd81f5194b,2024-01-25,BE,25,Gratuit
c813662f-3447-41e1-89e0-35cd2aed98a1,2024-09-05,BE,18,Gratuit
6aba6042-70b4-4e85-a59c-a7ec1230e24d,2025-03-30,BE,40,Gratuit
f79b999d-0ec0-4552-8844-6928b97d1c2b,2024-03-20,LU,19,Gratuit
b29c3eb1-2979-499d-a7c9-4e4501dddcad,2025-07-01,FR,22,Gratuit
81d9206e-d26c-4fe3-8641-b07429d4d987,2024-10-19,BE,19,Gratuit
2e4072f9-1f98-4f63-98bb-f2d37fa2e81e,2023-07-07,LU,24,Gratuit
7b76aeea-16ec-4049-9b6a-3da04b97ecc3,2024-11-18,BE,28,Gratuit
af864df8-9487-42f8-b829-7cdb29b20435,2023-05-11,CH,30,Gratuit
184c86e3-ae7a-4bac-82ec-9579ca9a971d,2024-11-05,CH,24,Gratuit
5c52eb2d-df60-44f5-86de-e1795e125c0f,2023-11-21,BE,22,Gratuit
7209dded-ab0f-48e4-98a8-3cd25d0ca137,2024-08-12,FR,19,Gratuit
68e46050-96ad-4bc5-841a-1ee06cc708e1,2024-07-25,FR,25,Gratuit
64400187-ac7a-4d21-abcd-06cfacd5d4f6,2024-05-07,CH,38,Gratuit
e1026076-94e7-4664-ad1c-184c439b94b5,2022-12-13,FR,17,Gratuit
ed89b56e-f856-4a91-bfdd-88871fc798b7,2023-07-03,CH,22,Gratuit
615700b5-d23e-431e-9964-e0b31e8209fa,2024-12-24,BE,23,Gratuit
4bce9592-f14b-49a8-92cb-c42c47068f7e,2025-08-08,FR,23,Gratuit
c4616400-dd46-4296-acb8-340bf6d97278,2023-11-16,BE,20,Gratuit
5cfcea63-83f9-47db-8317-ec954acd156c,2024-12-06,BE,26,Gratuit
226ceea3-e11b-40d9-856d-9fbd8c9339c1,2023-06-26,CH,36,Gratuit
d3309451-ac50-43f1-942b-373298025f78,2024-10-24,BE,18,Gratuit
552901fd-e2d8-43e7-b3a5-a70aaf5532c7,2023-04-25,BE,33,Gratuit
62d24156-6256-4d4c-8db8-a87989504485,2024-01-04,BE,25,Gratuit
5634233a-cbf3-4128-b2e9-fb373e6a4159,2024-05-12,FR,19,Gratuit
43ca9b04-d17c-44df-9b47-89c5c68e3fd3,2023-12-12,BE,36,Gratuit
338ae5ff-2eb5-456d-8e7b-43d0b3126970,2023-05-04,FR,19,Gratuit
ff3f0ad2-de5f-4a55-8180-607d2d0dc68d,2023-01-23,FR,17,Gratuit
15ac654f-94dd-482f-a816-bf40ef737504,2024-02-07,FR,28,Gratuit
ec1519c0-cfc4-4b10-8161-316c2b280a1a,2025-06-16,BE,18,Gratuit
02bc6ca3-c625-4159-a742-20665bd4170d,2023-05-07,LU,22,Gratuit
78136425-9429-4fcd-8396-ad9b014d7895,2024-06-15,FR,18,Gratuit
d745a06a-aea8-4589-84e2-9efe83533e91,2024-11-15,LU,22,Gratuit
0f55c4dd-3e94-4550-8d87-4c4b36cb6f72,2023-06-08,FR,29,Gratuit
33d2e81e-1667-4424-af41-9edeee9e5a00,2024-06-30,LU,44,Gratuit
51a952a1-ec46-4e21-ae3d-23ebc4147221,2024-11-07,FR,24,Gratuit
e059fafa-e521-40ed-828d-52d82802371e,2024-12-19,LU,36,Gratuit
1f3d47bb-3fa7-44b1-9696-0fa2d90e99b3,2024-08-30,LU,29,Gratuit
36c58b93-6fe4-4133-b9d0-bf2e9808d62d,2025-06-05,FR,29,Gratuit
cc9a1e50-e27d-4fbb-9776-32f66e4e7aa1,2023-12-18,CH,24,Gratuit
4e85c871-3386-4855-98c6-ae79283b73ce,2024-11-28,LU,28,Gratuit
aa8f8db3-e024-4ed9-9ada-11fa960dee33,2025-07-16,CH,24,Gratuit
19ee0a73-10eb-428a-97cb-c26e29fdef21,2025-01-15,CH,29,Gratuit
a4bf73a5-4763-49d2-82a9-d19c8ce821b8,2024-03-03,BE,24,Gratuit
f805e8cb-5b98-459b-b464-8ebc2300b226,2023-10-23,CH,21,Gratuit
297993bf-573e-4c04-b942-aefae0a2310a,2024-01-19,BE,18,Gratuit
7f74f033-e3f6-4a8d-ae14-f4b95d35518c,2023-01-05,CH,21,Gratuit
06d535c2-e026-4b2c-af2c-520427efeb1d,2024-09-04,FR,21,Gratuit
d084c7ab-8cbb-43bb-b943-2ecab5367d90,2025-09-30,FR,39,Gratuit
b85088fb-6b7e-4672-a310-9e831abc2abf,2023-10-03,CH,13,Gratuit
d9be8837-f915-4885-9d4e-ca2cef0fcb9d,2024-02-16,BE,34,Gratuit
e5b8192e-391f-4853-a420-ad406e56df84,2023-03-14,LU,35,Gratuit
bd393112-0a57-44a2-a01b-e8111a641186,2024-02-15,CH,21,Gratuit
6651f3b1-c199-48e9-9cb0-e6c5e296b705,2025-03-30,CH,27,Gratuit
24c65879-f7b5-466d-b608-0065e606c806,2023-04-16,CH,26,Gratuit
5ea8863b-6611-45bb-8da7-d688699acad2,2025-08-17,LU,24,Gratuit
a74638fc-3f94-4347-a89d-2d69b855ae73,2023-09-19,CH,22,Gratuit
09b3ee41-5bdc-49cf-b841-7a780c46f3d6,2025-06-09,LU,33,Gratuit
5d71f055-14c7-4039-b9ba-b7384a9c1f82,2025-09-20,LU,29,Gratuit
a9f87063-729a-4e39-989b-51e66de800dc,2025-05-09,FR,30,Gratuit
81cd9681-4f61-4100-bfaf-e76159e064c2,2023-04-25,FR,39,Gratuit
16948bce-89d0-4a5a-bed6-18121412940d,2023-12-17,FR,17,Gratuit
673b669c-a9a3-459d-aa8f-d0fa7716e84e,2023-08-25,CH,18,Gratuit
c242680b-ac4d-4586-81d6-43e1a166284c,2025-02-07,LU,18,Gratuit
1ddcda8f-728d-4c66-ad72-d0847d227c01,2025-05-15,FR,29,Gratuit
d1fdd491-d407-492b-8c5e-a2e5056b9c93,2024-10-27,FR,37,Gratuit
7439f906-984b-4637-910a-8e8f98c10883,2022-11-23,BE,38,Gratuit
c2dfd763-525d-4503-b73a-d2fdcfadb5d1,2024-04-14,CH,37,Gratuit
721dc2ab-096e-4f49-bf60-323b1ebbf2c0,2023-11-29,CH,27,Gratuit
7a5ef599-2a26-40a2-968e-cdd27435ed41,2023-12-22,FR,22,Gratuit
4a7b987c-d291-4ecb-ad80-137389814dec,2023-11-17,BE,18,Gratuit
2961f4c6-2c0f-408a-b74a-724cb415320b,2025-01-14,BE,21,Gratuit
a7a6f375-d368-4c0e-bdfc-a36158575a1f,2025-01-15,FR,20,Gratuit
53ed2186-4b34-4545-b178-064963515572,2023-07-11,BE,20,Gratuit
b5163392-bd97-4594-8931-5325c3ccfa60,2024-05-14,LU,55,Gratuit
60e6161e-9fc2-4c16-b1fa-2a91e9da2442,2024-03-02,BE,20,Gratuit
aec1b674-e23a-4c28-b929-565927030676,2024-10-06,BE,30,Gratuit
818163b0-8070-4fae-a1f2-d9d09b490631,2025-03-15,CH,21,Gratuit
24a1f78c-4ee9-4907-a749-415988e0c806,2023-04-12,LU,23,Gratuit
0098f59f-5e83-4896-939b-ee3638f1451e,2023-03-27,LU,21,Gratuit
a10102f8-9519-452a-baae-652117eaffac,2023-02-14,BE,18,Gratuit
5386ee49-c51e-43a6-a72f-e31d49f1b702,2023-08-13,BE,22,Gratuit
b1c30782-f80a-43e5-bf5e-d3727eb576a3,2023-10-02,BE,18,Gratuit
37225b66-6e51-4c4d-b4ac-754f31edb031,2025-01-15,LU,23,Gratuit
d7302495-a79e-4241-bbc3-61ee53c8a70e,2024-06-25,CH,23,Gratuit
d0d34238-6d79-4354-8ff7-28c3610e802f,2023-12-23,LU,28,Gratuit
db351461-d262-4ece-b77b-2f2c0902f77d,2023-06-29,FR,21,Gratuit
3d87103c-e588-4d1e-9bab-b97123b2de98,2023-01-24,BE,25,Gratuit
700151b1-d97a-443d-87e4-7f14a9769699,2023-10-02,FR,21,Gratuit
4bbe303c-e351-4b00-b0d1-35c13549a3a3,2025-04-04,CH,17,Gratuit
3450d89a-7a23-4af3-827f-7eddda49b8c5,2023-05-09,CH,27,Gratuit
adf38005-95f4-417c-bdb8-f0c753cdc759,2022-12-13,LU,20,Gratuit
cb25ba57-b23a-46b9-990e-c628eb097011,2025-10-03,CH,19,Gratuit
